id,kode_provinsi,nama_provinsi,lokasi_akses,jumlah_pengguna,satuan,tahun
1,32,JAWA BARAT,BANDUNG,46360,USER,2022
2,32,JAWA BARAT,JAKARTA,34906,USER,2022
3,32,JAWA BARAT,KOTA BEKASI,9993,USER,2022
4,32,JAWA BARAT,SURABAYA,5175,USER,2022
5,32,JAWA BARAT,DEPOK,3653,USER,2022
6,32,JAWA BARAT,PALEMBANG,3449,USER,2022
7,32,JAWA BARAT,MAKASSAR,2954,USER,2022
8,32,JAWA BARAT,BEKASI,2607,USER,2022
9,32,JAWA BARAT,TASIKMALAYA,2236,USER,2022
10,32,JAWA BARAT,PEKANBARU,1776,USER,2022
11,32,JAWA BARAT,CIREBON,1613,USER,2022
12,32,JAWA BARAT,BOGOR,1611,USER,2022
13,32,JAWA BARAT,SEMARANG,1510,USER,2022
14,32,JAWA BARAT,TANGERANG SELATAN,1051,USER,2022
15,32,JAWA BARAT,MEDAN,988,USER,2022
16,32,JAWA BARAT,TANGERANG,922,USER,2022
17,32,JAWA BARAT,CIANJUR,918,USER,2022
18,32,JAWA BARAT,DENPASAR,429,USER,2022
19,32,JAWA BARAT,CANGKUANG,414,USER,2022
20,32,JAWA BARAT,CIKAMPEK,393,USER,2022
21,32,JAWA BARAT,MALANG,365,USER,2022
22,32,JAWA BARAT,SINGAPORE,331,USER,2022
23,32,JAWA BARAT,SUKABUMI,325,USER,2022
24,32,JAWA BARAT,CITEUREUP,296,USER,2022
25,32,JAWA BARAT,CLARKSVILLE,293,USER,2022
26,32,JAWA BARAT,CILEUNYI,264,USER,2022
27,32,JAWA BARAT,PEKALONGAN,234,USER,2022
28,32,JAWA BARAT,NGAMPRAH,229,USER,2022
29,32,JAWA BARAT,KUTA,227,USER,2022
30,32,JAWA BARAT,PADALARANG,213,USER,2022
31,32,JAWA BARAT,BOWLING GREEN,212,USER,2022
32,32,JAWA BARAT,KATAPANG,201,USER,2022
33,32,JAWA BARAT,CIMENYAN,193,USER,2022
34,32,JAWA BARAT,BATAM,189,USER,2022
35,32,JAWA BARAT,SAMARINDA,174,USER,2022
36,32,JAWA BARAT,CISARUA,171,USER,2022
37,32,JAWA BARAT,LEMBANG,169,USER,2022
38,32,JAWA BARAT,TELUKJAMBE,162,USER,2022
39,32,JAWA BARAT,CIBINONG,161,USER,2022
40,32,JAWA BARAT,BALEENDAH,158,USER,2022
41,32,JAWA BARAT,BANDAR LAMPUNG,156,USER,2022
42,32,JAWA BARAT,CIMAHI,154,USER,2022
43,32,JAWA BARAT,JAMBI,151,USER,2022
44,32,JAWA BARAT,PONTIANAK,151,USER,2022
45,32,JAWA BARAT,YOGYAKARTA,142,USER,2022
46,32,JAWA BARAT,MANADO,139,USER,2022
47,32,JAWA BARAT,BALIKPAPAN,137,USER,2022
48,32,JAWA BARAT,BREBES,137,USER,2022
49,32,JAWA BARAT,RANCAEKEK,136,USER,2022
50,32,JAWA BARAT,CILEUNGSI,134,USER,2022
51,32,JAWA BARAT,KARANGTENGAH,134,USER,2022
52,32,JAWA BARAT,CIGUGUR,127,USER,2022
53,32,JAWA BARAT,SURAKARTA,120,USER,2022
54,32,JAWA BARAT,SUBANG,117,USER,2022
55,32,JAWA BARAT,KUDUS,116,USER,2022
56,32,JAWA BARAT,KLATEN,115,USER,2022
57,32,JAWA BARAT,MARGAASIH,114,USER,2022
58,32,JAWA BARAT,HAGERSTOWN,109,USER,2022
59,32,JAWA BARAT,PALANGKARAYA,105,USER,2022
60,32,JAWA BARAT,PALU,105,USER,2022
61,32,JAWA BARAT,MEGAMENDUNG,103,USER,2022
62,32,JAWA BARAT,KARAWANG BARAT,102,USER,2022
63,32,JAWA BARAT,KUNINGAN,99,USER,2022
64,32,JAWA BARAT,TAROGONG KALER,93,USER,2022
65,32,JAWA BARAT,CIGOMBONG,89,USER,2022
66,32,JAWA BARAT,PURWOKERTO,89,USER,2022
67,32,JAWA BARAT,SOREANG,89,USER,2022
68,32,JAWA BARAT,JEMBER,87,USER,2022
69,32,JAWA BARAT,SUMEDANG,87,USER,2022
70,32,JAWA BARAT,CIKANDE,84,USER,2022
71,32,JAWA BARAT,INDRAMAYU,82,USER,2022
72,32,JAWA BARAT,JATIBARANG,81,USER,2022
73,32,JAWA BARAT,GUNUNG PUTRI,78,USER,2022
74,32,JAWA BARAT,BANDA ACEH,77,USER,2022
75,32,JAWA BARAT,BALONGAN,75,USER,2022
76,32,JAWA BARAT,PADANG,73,USER,2022
77,32,JAWA BARAT,BANJARAN,70,USER,2022
78,32,JAWA BARAT,BANJARMASIN,69,USER,2022
79,32,JAWA BARAT,GARUT,68,USER,2022
80,32,JAWA BARAT,SUMBER,65,USER,2022
81,32,JAWA BARAT,MATARAM,61,USER,2022
82,32,JAWA BARAT,SALINA,60,USER,2022
83,32,JAWA BARAT,KEDIRI,59,USER,2022
84,32,JAWA BARAT,BATUJAJAR,58,USER,2022
85,32,JAWA BARAT,CIAMIS,58,USER,2022
86,32,JAWA BARAT,KUTA UTARA,58,USER,2022
87,32,JAWA BARAT,MAJALENGKA,56,USER,2022
88,32,JAWA BARAT,LOHBENER,54,USER,2022
89,32,JAWA BARAT,BOJONGSOANG,53,USER,2022
90,32,JAWA BARAT,MAJALAYA,53,USER,2022
91,32,JAWA BARAT,CIPARAY,50,USER,2022
92,32,JAWA BARAT,SORONG,50,USER,2022
93,32,JAWA BARAT,KUPANG,49,USER,2022
94,32,JAWA BARAT,PASIRJAMBU,49,USER,2022
95,32,JAWA BARAT,CILEGON,46,USER,2022
96,32,JAWA BARAT,KUTA SELATAN,46,USER,2022
97,32,JAWA BARAT,KEDAWUNG,44,USER,2022
98,32,JAWA BARAT,JAYAPURA,42,USER,2022
99,32,JAWA BARAT,CIHAMPELAS,39,USER,2022
100,32,JAWA BARAT,PEMATANGSIANTAR,39,USER,2022
101,32,JAWA BARAT,KUALA LUMPUR,38,USER,2022
102,32,JAWA BARAT,PAMEUNGPEUK,38,USER,2022
103,32,JAWA BARAT,BENGKULU,37,USER,2022
104,32,JAWA BARAT,TULUNGAGUNG,37,USER,2022
105,32,JAWA BARAT,SIDOARJO,36,USER,2022
106,32,JAWA BARAT,PARIS,35,USER,2022
107,32,JAWA BARAT,ASHBURN,34,USER,2022
108,32,JAWA BARAT,CICALENGKA,34,USER,2022
109,32,JAWA BARAT,MIAMI,33,USER,2022
110,32,JAWA BARAT,JAWILAN,32,USER,2022
111,32,JAWA BARAT,KARANGPAWITAN,32,USER,2022
112,32,JAWA BARAT,SUKALUYU,32,USER,2022
113,32,JAWA BARAT,TELUK AMBON,31,USER,2022
114,32,JAWA BARAT,SAN JOSE,30,USER,2022
115,32,JAWA BARAT,TIMIKA,30,USER,2022
116,32,JAWA BARAT,PURWAKARTA,29,USER,2022
117,32,JAWA BARAT,COFFEYVILLE,28,USER,2022
118,32,JAWA BARAT,OSAKA,28,USER,2022
119,32,JAWA BARAT,RENGASDENGKLOK,28,USER,2022
120,32,JAWA BARAT,SALATIGA,28,USER,2022
121,32,JAWA BARAT,SUKARAJA,28,USER,2022
122,32,JAWA BARAT,NGORO,27,USER,2022
123,32,JAWA BARAT,GODEAN,26,USER,2022
124,32,JAWA BARAT,BANJARBARU,25,USER,2022
125,32,JAWA BARAT,CIOMAS,25,USER,2022
126,32,JAWA BARAT,DRAMAGA,25,USER,2022
127,32,JAWA BARAT,KEBASEN,25,USER,2022
128,32,JAWA BARAT,NEW YORK,25,USER,2022
129,32,JAWA BARAT,TUBAN,25,USER,2022
130,32,JAWA BARAT,BULELENG,24,USER,2022
131,32,JAWA BARAT,GORONTALO,24,USER,2022
132,32,JAWA BARAT,SERANG,24,USER,2022
133,32,JAWA BARAT,GUNUNGJATI,23,USER,2022
134,32,JAWA BARAT,LONDON,23,USER,2022
135,32,JAWA BARAT,MADIUN,23,USER,2022
136,32,JAWA BARAT,TAJUR HALANG,22,USER,2022
137,32,JAWA BARAT,WATES,22,USER,2022
138,32,JAWA BARAT,BOJONG GEDE,21,USER,2022
139,32,JAWA BARAT,DALLAS,21,USER,2022
140,32,JAWA BARAT,LOS ANGELES,21,USER,2022
141,32,JAWA BARAT,TERNATE,21,USER,2022
142,32,JAWA BARAT,YOKOHAMA,21,USER,2022
143,32,JAWA BARAT,BATANG,20,USER,2022
144,32,JAWA BARAT,LEMAHABANG,20,USER,2022
145,32,JAWA BARAT,PONOROGO,20,USER,2022
146,32,JAWA BARAT,UNGARAN,20,USER,2022
147,32,JAWA BARAT,CHENNAI,19,USER,2022
148,32,JAWA BARAT,CIPATAT,19,USER,2022
149,32,JAWA BARAT,KASIHAN,19,USER,2022
150,32,JAWA BARAT,PASURUAN,19,USER,2022
151,32,JAWA BARAT,CHIYODA CITY,18,USER,2022
152,32,JAWA BARAT,KENDARI,18,USER,2022
153,32,JAWA BARAT,LUMAJANG,18,USER,2022
154,32,JAWA BARAT,TARAKAN,18,USER,2022
155,32,JAWA BARAT,TRENGGALEK,18,USER,2022
156,32,JAWA BARAT,BANJAR,17,USER,2022
157,32,JAWA BARAT,CARINGIN,17,USER,2022
158,32,JAWA BARAT,JEDDAH,17,USER,2022
159,32,JAWA BARAT,SINTANG,17,USER,2022
160,32,JAWA BARAT,UBUD,17,USER,2022
161,32,JAWA BARAT,BANGUNTAPAN,16,USER,2022
162,32,JAWA BARAT,BUKITTINGGI,16,USER,2022
163,32,JAWA BARAT,CILACAP,16,USER,2022
164,32,JAWA BARAT,GROGOL,16,USER,2022
165,32,JAWA BARAT,KARANGMALANG,16,USER,2022
166,32,JAWA BARAT,PATI,16,USER,2022
167,32,JAWA BARAT,PEMALANG,16,USER,2022
168,32,JAWA BARAT,PLERED,16,USER,2022
169,32,JAWA BARAT,SYDNEY,16,USER,2022
170,32,JAWA BARAT,YANGON,16,USER,2022
171,32,JAWA BARAT,ARJAWINANGUN,15,USER,2022
172,32,JAWA BARAT,BANJARNEGARA,15,USER,2022
173,32,JAWA BARAT,BINJAI,15,USER,2022
174,32,JAWA BARAT,IVES ESTATES,15,USER,2022
175,32,JAWA BARAT,METRO,15,USER,2022
176,32,JAWA BARAT,SEOUL,15,USER,2022
177,32,JAWA BARAT,TUREN,15,USER,2022
178,32,JAWA BARAT,BANJARSARI,14,USER,2022
179,32,JAWA BARAT,KEPANJEN,14,USER,2022
180,32,JAWA BARAT,LHOKSEUMAWE,14,USER,2022
181,32,JAWA BARAT,NAGREG,14,USER,2022
182,32,JAWA BARAT,PROBOLINGGO,14,USER,2022
183,32,JAWA BARAT,PURWOREJO,14,USER,2022
184,32,JAWA BARAT,SALAM,14,USER,2022
185,32,JAWA BARAT,SOLOKAN JERUK,14,USER,2022
186,32,JAWA BARAT,BENGALURU,13,USER,2022
187,32,JAWA BARAT,BLITAR,13,USER,2022
188,32,JAWA BARAT,BOYOLALI,13,USER,2022
189,32,JAWA BARAT,CIAMPEA,13,USER,2022
190,32,JAWA BARAT,LEUWILIANG,13,USER,2022
191,32,JAWA BARAT,MOJOKERTO,13,USER,2022
192,32,JAWA BARAT,NGANJUK,13,USER,2022
193,32,JAWA BARAT,RIYADH,13,USER,2022
194,32,JAWA BARAT,SINGKAWANG,13,USER,2022
195,32,JAWA BARAT,DUMAI,12,USER,2022
196,32,JAWA BARAT,GEMPOL,12,USER,2022
197,32,JAWA BARAT,REMBANG,12,USER,2022
198,32,JAWA BARAT,SINGAPARNA,12,USER,2022
199,32,JAWA BARAT,TEGAL,12,USER,2022
200,32,JAWA BARAT,TEMANGGUNG,12,USER,2022
201,32,JAWA BARAT,AMSTERDAM,11,USER,2022
202,32,JAWA BARAT,CIKALONG,11,USER,2022
203,32,JAWA BARAT,CIPEUNDEUY,11,USER,2022
204,32,JAWA BARAT,JONGGOL,11,USER,2022
205,32,JAWA BARAT,KANIGORO,11,USER,2022
206,32,JAWA BARAT,MERTOYUDAN,11,USER,2022
207,32,JAWA BARAT,NABIRE,11,USER,2022
208,32,JAWA BARAT,PARAPAT,11,USER,2022
209,32,JAWA BARAT,PARUNG PANJANG,11,USER,2022
210,32,JAWA BARAT,PORTLAND,11,USER,2022
211,32,JAWA BARAT,PUNGGING,11,USER,2022
212,32,JAWA BARAT,TANJUNG PANDAN,11,USER,2022
213,32,JAWA BARAT,CHUO CITY,10,USER,2022
214,32,JAWA BARAT,CISEENG,10,USER,2022
215,32,JAWA BARAT,GIANYAR,10,USER,2022
216,32,JAWA BARAT,KARANGANYAR,10,USER,2022
217,32,JAWA BARAT,PANGKAL PINANG,10,USER,2022
218,32,JAWA BARAT,PLUMBON,10,USER,2022
219,32,JAWA BARAT,SUNNYVALE,10,USER,2022
220,32,JAWA BARAT,SUTOJAYAN,10,USER,2022
221,32,JAWA BARAT,WONOSOBO,10,USER,2022
222,32,JAWA BARAT,AL AIN,9,USER,2022
223,32,JAWA BARAT,BRNO,9,USER,2022
224,32,JAWA BARAT,FOREST CITY,9,USER,2022
225,32,JAWA BARAT,ISTANBUL,9,USER,2022
226,32,JAWA BARAT,MAGELANG,9,USER,2022
227,32,JAWA BARAT,MANOKWARI,9,USER,2022
228,32,JAWA BARAT,TENGGARONG,9,USER,2022
229,32,JAWA BARAT,BANTUL,8,USER,2022
230,32,JAWA BARAT,MELBOURNE,8,USER,2022
231,32,JAWA BARAT,MENGWI,8,USER,2022
232,32,JAWA BARAT,NAALDWIJK,8,USER,2022
233,32,JAWA BARAT,PERTH,8,USER,2022
234,32,JAWA BARAT,SAN FRANCISCO,8,USER,2022
235,32,JAWA BARAT,ABU DHABI,7,USER,2022
236,32,JAWA BARAT,BANDAR SERI BEGAWAN,7,USER,2022
237,32,JAWA BARAT,BANYUWANGI,7,USER,2022
238,32,JAWA BARAT,BONTANG,7,USER,2022
239,32,JAWA BARAT,CILILIN,7,USER,2022
240,32,JAWA BARAT,GRESIK,7,USER,2022
241,32,JAWA BARAT,GUNUNG SINDUR,7,USER,2022
242,32,JAWA BARAT,HAARLEM,7,USER,2022
243,32,JAWA BARAT,LAS VEGAS,7,USER,2022
244,32,JAWA BARAT,NAIROBI,7,USER,2022
245,32,JAWA BARAT,PALIMANAN,7,USER,2022
246,32,JAWA BARAT,PURWODADI,7,USER,2022
247,32,JAWA BARAT,SAARBRUCKEN,7,USER,2022
248,32,JAWA BARAT,TANJUNG PINANG,7,USER,2022
249,32,JAWA BARAT,BANGKALAN,6,USER,2022
250,32,JAWA BARAT,DEMAK,6,USER,2022
251,32,JAWA BARAT,DUBAI,6,USER,2022
252,32,JAWA BARAT,FRANKFURT,6,USER,2022
253,32,JAWA BARAT,GUANGZHOU,6,USER,2022
254,32,JAWA BARAT,JOHOR BAHRU,6,USER,2022
255,32,JAWA BARAT,KADEMANGAN,6,USER,2022
256,32,JAWA BARAT,KENDAL,6,USER,2022
257,32,JAWA BARAT,KOTO CITY,6,USER,2022
258,32,JAWA BARAT,NAGOYA,6,USER,2022
259,32,JAWA BARAT,PAREPARE,6,USER,2022
260,32,JAWA BARAT,SECAUCUS,6,USER,2022
261,32,JAWA BARAT,SRAGEN,6,USER,2022
262,32,JAWA BARAT,TASHKENT,6,USER,2022
263,32,JAWA BARAT,BLORA,5,USER,2022
264,32,JAWA BARAT,BOSTON,5,USER,2022
265,32,JAWA BARAT,BUSAN,5,USER,2022
266,32,JAWA BARAT,CHICAGO,5,USER,2022
267,32,JAWA BARAT,HELSINKI,5,USER,2022
268,32,JAWA BARAT,ITAMI,5,USER,2022
269,32,JAWA BARAT,KALIWUNGU,5,USER,2022
270,32,JAWA BARAT,KEMBANG,5,USER,2022
271,32,JAWA BARAT,KLANGENAN,5,USER,2022
272,32,JAWA BARAT,KLAPANUNGGAL,5,USER,2022
273,32,JAWA BARAT,LAMONGAN,5,USER,2022
274,32,JAWA BARAT,MINATO CITY,5,USER,2022
275,32,JAWA BARAT,MUNGKID,5,USER,2022
276,32,JAWA BARAT,NASHVILLE,5,USER,2022
277,32,JAWA BARAT,PARUNG,5,USER,2022
278,32,JAWA BARAT,PHNOM PENH,5,USER,2022
279,32,JAWA BARAT,SAPPORO,5,USER,2022
280,32,JAWA BARAT,SUNGAI PENUH,5,USER,2022
281,32,JAWA BARAT,VILNIUS,5,USER,2022
282,32,JAWA BARAT,AUCKLAND,4,USER,2022
283,32,JAWA BARAT,BATU,4,USER,2022
284,32,JAWA BARAT,BOJONEGORO,4,USER,2022
285,32,JAWA BARAT,BONDOWOSO,4,USER,2022
286,32,JAWA BARAT,BRATI,4,USER,2022
287,32,JAWA BARAT,BUTTERWORTH,4,USER,2022
288,32,JAWA BARAT,CORK,4,USER,2022
289,32,JAWA BARAT,DOHA,4,USER,2022
290,32,JAWA BARAT,DUBLIN,4,USER,2022
291,32,JAWA BARAT,HO CHI MINH CITY,4,USER,2022
292,32,JAWA BARAT,HYDERABAD,4,USER,2022
293,32,JAWA BARAT,KAJEN,4,USER,2022
294,32,JAWA BARAT,KARACHI,4,USER,2022
295,32,JAWA BARAT,KARANG TANJUNG,4,USER,2022
296,32,JAWA BARAT,KEMANG,4,USER,2022
297,32,JAWA BARAT,LEUWISADENG,4,USER,2022
298,32,JAWA BARAT,NGAWI,4,USER,2022
299,32,JAWA BARAT,PAGAR ALAM,4,USER,2022
300,32,JAWA BARAT,PATNA,4,USER,2022
301,32,JAWA BARAT,PEJAGOAN,4,USER,2022
302,32,JAWA BARAT,SANTA CLARA,4,USER,2022
303,32,JAWA BARAT,SEATTLE,4,USER,2022
304,32,JAWA BARAT,SECANG,4,USER,2022
305,32,JAWA BARAT,SEMANU,4,USER,2022
306,32,JAWA BARAT,SHINAGAWA CITY,4,USER,2022
307,32,JAWA BARAT,SHINJUKU CITY,4,USER,2022
308,32,JAWA BARAT,TORONTO,4,USER,2022
309,32,JAWA BARAT,VIENNA,4,USER,2022
310,32,JAWA BARAT,WONOGIRI,4,USER,2022
311,32,JAWA BARAT,ALTOONA,3,USER,2022
312,32,JAWA BARAT,BANGKOK,3,USER,2022
313,32,JAWA BARAT,BERGAS,3,USER,2022
314,32,JAWA BARAT,BERLIN,3,USER,2022
315,32,JAWA BARAT,BIMA,3,USER,2022
316,32,JAWA BARAT,BRISBANE,3,USER,2022
317,32,JAWA BARAT,BUKIT MERTAJAM,3,USER,2022
318,32,JAWA BARAT,CEBU CITY,3,USER,2022
319,32,JAWA BARAT,CIJERUK,3,USER,2022
320,32,JAWA BARAT,COLOMBO,3,USER,2022
321,32,JAWA BARAT,COLUMBUS,3,USER,2022
322,32,JAWA BARAT,COVENTRY,3,USER,2022
323,32,JAWA BARAT,DAKAR,3,USER,2022
324,32,JAWA BARAT,FREMONT,3,USER,2022
325,32,JAWA BARAT,HANOI,3,USER,2022
326,32,JAWA BARAT,HIALEAH GARDENS,3,USER,2022
327,32,JAWA BARAT,HOUTEN,3,USER,2022
328,32,JAWA BARAT,INDIANAPOLIS,3,USER,2022
329,32,JAWA BARAT,KEBOMAS,3,USER,2022
330,32,JAWA BARAT,KEBUMEN,3,USER,2022
331,32,JAWA BARAT,LUBUKLINGGAU,3,USER,2022
332,32,JAWA BARAT,MAKATI,3,USER,2022
333,32,JAWA BARAT,MANAMA,3,USER,2022
334,32,JAWA BARAT,MOJOSARI,3,USER,2022
335,32,JAWA BARAT,NORTH BERGEN,3,USER,2022
336,32,JAWA BARAT,OPAVA,3,USER,2022
337,32,JAWA BARAT,PARANAQUE,3,USER,2022
338,32,JAWA BARAT,PURBALINGGA,3,USER,2022
339,32,JAWA BARAT,SEREMBAN,3,USER,2022
340,32,JAWA BARAT,SHAH ALAM,3,USER,2022
341,32,JAWA BARAT,SHANGHAI,3,USER,2022
342,32,JAWA BARAT,SLAWI,3,USER,2022
343,32,JAWA BARAT,SUKOHARJO,3,USER,2022
344,32,JAWA BARAT,TAITO CITY,3,USER,2022
345,32,JAWA BARAT,TEMBILAHAN,3,USER,2022
346,32,JAWA BARAT,TRUCUK,3,USER,2022
347,32,JAWA BARAT,WASHINGTON,3,USER,2022
348,32,JAWA BARAT,WONOSARI,3,USER,2022
349,32,JAWA BARAT,AACHEN,2,USER,2022
350,32,JAWA BARAT,ADELAIDE,2,USER,2022
351,32,JAWA BARAT,ADIWERNA,2,USER,2022
352,32,JAWA BARAT,AL KHOBAR,2,USER,2022
353,32,JAWA BARAT,AMAGASAKI,2,USER,2022
354,32,JAWA BARAT,ANTIPOLO,2,USER,2022
355,32,JAWA BARAT,ATLANTA,2,USER,2022
356,32,JAWA BARAT,BAWEN,2,USER,2022
357,32,JAWA BARAT,BEIJING,2,USER,2022
358,32,JAWA BARAT,BIREUEN,2,USER,2022
359,32,JAWA BARAT,BITUNG,2,USER,2022
360,32,JAWA BARAT,BOARDMAN,2,USER,2022
361,32,JAWA BARAT,BOYDTON,2,USER,2022
362,32,JAWA BARAT,BRATISLAVA,2,USER,2022
363,32,JAWA BARAT,BUCHAREST,2,USER,2022
364,32,JAWA BARAT,BUNKYO CITY,2,USER,2022
365,32,JAWA BARAT,BURSA,2,USER,2022
366,32,JAWA BARAT,CHEYENNE,2,USER,2022
367,32,JAWA BARAT,CIMAUNG,2,USER,2022
368,32,JAWA BARAT,DAVAO CITY,2,USER,2022
369,32,JAWA BARAT,DELHI,2,USER,2022
370,32,JAWA BARAT,EAST KISARAN,2,USER,2022
371,32,JAWA BARAT,EDOGAWA CITY,2,USER,2022
372,32,JAWA BARAT,ENA,2,USER,2022
373,32,JAWA BARAT,FUKUYAMA,2,USER,2022
374,32,JAWA BARAT,GUWAHATI,2,USER,2022
375,32,JAWA BARAT,HAMAMATSU,2,USER,2022
376,32,JAWA BARAT,HAMBURG,2,USER,2022
377,32,JAWA BARAT,HOF,2,USER,2022
378,32,JAWA BARAT,HOUSTON,2,USER,2022
379,32,JAWA BARAT,IMUS,2,USER,2022
380,32,JAWA BARAT,IPOH,2,USER,2022
381,32,JAWA BARAT,ISLAMABAD,2,USER,2022
382,32,JAWA BARAT,JASINGA,2,USER,2022
383,32,JAWA BARAT,KAJANG,2,USER,2022
384,32,JAWA BARAT,KALINYAMATAN,2,USER,2022
385,32,JAWA BARAT,KALIPURO,2,USER,2022
386,32,JAWA BARAT,KARLSRUHE,2,USER,2022
387,32,JAWA BARAT,KAWASAKI,2,USER,2022
388,32,JAWA BARAT,KOLKATA,2,USER,2022
389,32,JAWA BARAT,KOTAMOBAGU,2,USER,2022
390,32,JAWA BARAT,KRETEK,2,USER,2022
391,32,JAWA BARAT,LAHAT,2,USER,2022
392,32,JAWA BARAT,MANILA,2,USER,2022
393,32,JAWA BARAT,MARSEILLE,2,USER,2022
394,32,JAWA BARAT,MEDINA,2,USER,2022
395,32,JAWA BARAT,MENALDUM,2,USER,2022
396,32,JAWA BARAT,MENLO PARK,2,USER,2022
397,32,JAWA BARAT,MERAUKE,2,USER,2022
398,32,JAWA BARAT,MORIYAMA,2,USER,2022
399,32,JAWA BARAT,MOSCOW,2,USER,2022
400,32,JAWA BARAT,MUMBAI,2,USER,2022
401,32,JAWA BARAT,MUNTILAN,2,USER,2022
402,32,JAWA BARAT,NAGASAKI,2,USER,2022
403,32,JAWA BARAT,NAMYANGJU-SI,2,USER,2022
404,32,JAWA BARAT,NARITA,2,USER,2022
405,32,JAWA BARAT,NORRKOPING,2,USER,2022
406,32,JAWA BARAT,NOVI SAD,2,USER,2022
407,32,JAWA BARAT,NYERI,2,USER,2022
408,32,JAWA BARAT,OSTRAVA,2,USER,2022
409,32,JAWA BARAT,OTA CITY,2,USER,2022
410,32,JAWA BARAT,OXFORD,2,USER,2022
411,32,JAWA BARAT,PALMA,2,USER,2022
412,32,JAWA BARAT,PALOPO,2,USER,2022
413,32,JAWA BARAT,PANDEGLANG,2,USER,2022
414,32,JAWA BARAT,PECANGAAN,2,USER,2022
415,32,JAWA BARAT,PHOENIX,2,USER,2022
416,32,JAWA BARAT,PIURA,2,USER,2022
417,32,JAWA BARAT,POTSDAM,2,USER,2022
418,32,JAWA BARAT,PRAGUE,2,USER,2022
419,32,JAWA BARAT,PRINEVILLE,2,USER,2022
420,32,JAWA BARAT,QUEZON CITY,2,USER,2022
421,32,JAWA BARAT,QUINCY,2,USER,2022
422,32,JAWA BARAT,RUMPIN,2,USER,2022
423,32,JAWA BARAT,SAN ANTONIO,2,USER,2022
424,32,JAWA BARAT,SAN DIEGO,2,USER,2022
425,32,JAWA BARAT,SANKT INGBERT,2,USER,2022
426,32,JAWA BARAT,SANTIAGO,2,USER,2022
427,32,JAWA BARAT,SETAGAYA CITY,2,USER,2022
428,32,JAWA BARAT,SEWON,2,USER,2022
429,32,JAWA BARAT,SITUBONDO,2,USER,2022
430,32,JAWA BARAT,SOEST,2,USER,2022
431,32,JAWA BARAT,SOFIA,2,USER,2022
432,32,JAWA BARAT,SUMIDA CITY,2,USER,2022
433,32,JAWA BARAT,SUNGAI PETANI,2,USER,2022
434,32,JAWA BARAT,TABANAN,2,USER,2022
435,32,JAWA BARAT,TACHIKAWA,2,USER,2022
436,32,JAWA BARAT,TAKAMATSU,2,USER,2022
437,32,JAWA BARAT,TAOYUAN DISTRICT,2,USER,2022
438,32,JAWA BARAT,TIKUNG,2,USER,2022
439,32,JAWA BARAT,TOWN AND COUNTRY,2,USER,2022
440,32,JAWA BARAT,ABIANSEMAL,1,USER,2022
441,32,JAWA BARAT,ABUJA,1,USER,2022
442,32,JAWA BARAT,ADACHI CITY,1,USER,2022
443,32,JAWA BARAT,ADDIS ABABA,1,USER,2022
444,32,JAWA BARAT,AKITA,1,USER,2022
445,32,JAWA BARAT,ALBUQUERQUE,1,USER,2022
446,32,JAWA BARAT,ALISO VIEJO,1,USER,2022
447,32,JAWA BARAT,AMBARAWA,1,USER,2022
448,32,JAWA BARAT,AMLAPURA,1,USER,2022
449,32,JAWA BARAT,AMPANG JAYA,1,USER,2022
450,32,JAWA BARAT,ANANTAPUR,1,USER,2022
451,32,JAWA BARAT,ANGELES,1,USER,2022
452,32,JAWA BARAT,ANSAN-SI,1,USER,2022
453,32,JAWA BARAT,ANTALYA,1,USER,2022
454,32,JAWA BARAT,ASBESTOS,1,USER,2022
455,32,JAWA BARAT,AUSTIN,1,USER,2022
456,32,JAWA BARAT,BAKU,1,USER,2022
457,32,JAWA BARAT,BALLERUP,1,USER,2022
458,32,JAWA BARAT,BAMBANG LIPURO,1,USER,2022
459,32,JAWA BARAT,BANDIRMA,1,USER,2022
460,32,JAWA BARAT,BATU PAHAT,1,USER,2022
461,32,JAWA BARAT,BAU-BAU,1,USER,2022
462,32,JAWA BARAT,BELAGAVI,1,USER,2022
463,32,JAWA BARAT,BELGRADE,1,USER,2022
464,32,JAWA BARAT,BHUBANESWAR,1,USER,2022
465,32,JAWA BARAT,BIRMINGHAM,1,USER,2022
466,32,JAWA BARAT,BLUMENAU,1,USER,2022
467,32,JAWA BARAT,BOCHUM,1,USER,2022
468,32,JAWA BARAT,BOM DESPACHO,1,USER,2022
469,32,JAWA BARAT,BROOKFIELD,1,USER,2022
470,32,JAWA BARAT,BUENOS AIRES,1,USER,2022
471,32,JAWA BARAT,BUNSCHOTEN-SPAKENBURG,1,USER,2022
472,32,JAWA BARAT,BUTZBACH,1,USER,2022
473,32,JAWA BARAT,CAGAYAN DE ORO,1,USER,2022
474,32,JAWA BARAT,CALAMBA,1,USER,2022
475,32,JAWA BARAT,CAMBRIDGE,1,USER,2022
476,32,JAWA BARAT,CANBERRA,1,USER,2022
477,32,JAWA BARAT,CAPE TOWN,1,USER,2022
478,32,JAWA BARAT,CENTRAL COAST,1,USER,2022
479,32,JAWA BARAT,CHANGHUA CITY,1,USER,2022
480,32,JAWA BARAT,CHIAUTEMPAN,1,USER,2022
481,32,JAWA BARAT,CHICLANA DE LA FRONTERA,1,USER,2022
482,32,JAWA BARAT,CHIETI,1,USER,2022
483,32,JAWA BARAT,CLERMONT-FERRAND,1,USER,2022
484,32,JAWA BARAT,COLORADO SPRINGS,1,USER,2022
485,32,JAWA BARAT,COLUMBIA,1,USER,2022
486,32,JAWA BARAT,CURICO,1,USER,2022
487,32,JAWA BARAT,DA NANG,1,USER,2022
488,32,JAWA BARAT,DAEGU,1,USER,2022
489,32,JAWA BARAT,DAR ES SALAAM,1,USER,2022
490,32,JAWA BARAT,DAVENTRY,1,USER,2022
491,32,JAWA BARAT,DELFT,1,USER,2022
492,32,JAWA BARAT,DES MOINES,1,USER,2022
493,32,JAWA BARAT,DORAL,1,USER,2022
494,32,JAWA BARAT,DOULIU CITY,1,USER,2022
495,32,JAWA BARAT,DUBENDORF,1,USER,2022
496,32,JAWA BARAT,DUMAGUETE,1,USER,2022
497,32,JAWA BARAT,ECATEPEC,1,USER,2022
498,32,JAWA BARAT,EDINBURGH,1,USER,2022
499,32,JAWA BARAT,EDMONTON,1,USER,2022
500,32,JAWA BARAT,EERSEL,1,USER,2022
501,32,JAWA BARAT,ENSCHEDE,1,USER,2022
502,32,JAWA BARAT,EPSOM,1,USER,2022
503,32,JAWA BARAT,FALL RIVER,1,USER,2022
504,32,JAWA BARAT,FARMINGTON HILLS,1,USER,2022
505,32,JAWA BARAT,FUJI,1,USER,2022
506,32,JAWA BARAT,FUKAYA,1,USER,2022
507,32,JAWA BARAT,GLASGOW,1,USER,2022
508,32,JAWA BARAT,GOTHENBURG,1,USER,2022
509,32,JAWA BARAT,GROTON,1,USER,2022
510,32,JAWA BARAT,GUNUNGSITOLI,1,USER,2022
511,32,JAWA BARAT,GURGAON,1,USER,2022
512,32,JAWA BARAT,GWANGJU,1,USER,2022
513,32,JAWA BARAT,GYEONGJU-SI,1,USER,2022
514,32,JAWA BARAT,GYEONGSAN-SI,1,USER,2022
515,32,JAWA BARAT,GYUMRI,1,USER,2022
516,32,JAWA BARAT,HACHIOJI,1,USER,2022
517,32,JAWA BARAT,HAMADA,1,USER,2022
518,32,JAWA BARAT,HASHIMOTO,1,USER,2022
519,32,JAWA BARAT,HIGASHIHIROSHIMA,1,USER,2022
520,32,JAWA BARAT,HIGASHIMURAYAMA,1,USER,2022
521,32,JAWA BARAT,HOOGVLIET ROTTERDAM,1,USER,2022
522,32,JAWA BARAT,HUARAZ,1,USER,2022
523,32,JAWA BARAT,HUBLI,1,USER,2022
524,32,JAWA BARAT,HUNTINGTON BEACH,1,USER,2022
525,32,JAWA BARAT,HWASEONG-SI,1,USER,2022
526,32,JAWA BARAT,ICHEON-SI,1,USER,2022
527,32,JAWA BARAT,ILIGAN CITY,1,USER,2022
528,32,JAWA BARAT,INCHEON,1,USER,2022
529,32,JAWA BARAT,INDORE,1,USER,2022
530,32,JAWA BARAT,INGOLSTADT,1,USER,2022
531,32,JAWA BARAT,INTERLAKEN,1,USER,2022
532,32,JAWA BARAT,IRVINE,1,USER,2022
533,32,JAWA BARAT,IZMIR,1,USER,2022
534,32,JAWA BARAT,JAIPUR,1,USER,2022
535,32,JAWA BARAT,JINJU-SI,1,USER,2022
536,32,JAWA BARAT,JOAO PESSOA,1,USER,2022
537,32,JAWA BARAT,JODHPUR,1,USER,2022
538,32,JAWA BARAT,JUAREZ,1,USER,2022
539,32,JAWA BARAT,KABANJAHE,1,USER,2022
540,32,JAWA BARAT,KAMPALA,1,USER,2022
541,32,JAWA BARAT,KARANG BARU,1,USER,2022
542,32,JAWA BARAT,KATHMANDU,1,USER,2022
543,32,JAWA BARAT,KATSUSHIKA CITY,1,USER,2022
544,32,JAWA BARAT,KAWAGUCHI,1,USER,2022
545,32,JAWA BARAT,KEPALA BATAS,1,USER,2022
546,32,JAWA BARAT,KIGALI,1,USER,2022
547,32,JAWA BARAT,KOCHI,1,USER,2022
548,32,JAWA BARAT,KOFU,1,USER,2022
549,32,JAWA BARAT,KOKUBUNJI,1,USER,2022
550,32,JAWA BARAT,KOLAR GOLD FIELDS,1,USER,2022
551,32,JAWA BARAT,KONAN,1,USER,2022
552,32,JAWA BARAT,KOTA KINABALU,1,USER,2022
553,32,JAWA BARAT,KRIMPEN AAN DEN IJSSEL,1,USER,2022
554,32,JAWA BARAT,KUCHING,1,USER,2022
555,32,JAWA BARAT,KULIM,1,USER,2022
556,32,JAWA BARAT,KURASHIKI,1,USER,2022
557,32,JAWA BARAT,KYIV,1,USER,2022
558,32,JAWA BARAT,LAGOS,1,USER,2022
559,32,JAWA BARAT,LAHORE,1,USER,2022
560,32,JAWA BARAT,LAI CHAU,1,USER,2022
561,32,JAWA BARAT,LANGSA,1,USER,2022
562,32,JAWA BARAT,LEGAZPI CITY,1,USER,2022
563,32,JAWA BARAT,LELYSTAD,1,USER,2022
564,32,JAWA BARAT,LIVERPOOL,1,USER,2022
565,32,JAWA BARAT,LOCHEM,1,USER,2022
566,32,JAWA BARAT,LOJA,1,USER,2022
567,32,JAWA BARAT,LONG XUYEN,1,USER,2022
568,32,JAWA BARAT,LOWER HUTT,1,USER,2022
569,32,JAWA BARAT,LUBUK PAKAM,1,USER,2022
570,32,JAWA BARAT,LUCKNOW,1,USER,2022
571,32,JAWA BARAT,LULEA,1,USER,2022
572,32,JAWA BARAT,LULEBURGAZ,1,USER,2022
573,32,JAWA BARAT,LUND,1,USER,2022
574,32,JAWA BARAT,LUZHU DISTRICT,1,USER,2022
575,32,JAWA BARAT,LYON,1,USER,2022
576,32,JAWA BARAT,MADRID,1,USER,2022
577,32,JAWA BARAT,MALABE,1,USER,2022
578,32,JAWA BARAT,MANGALORE,1,USER,2022
579,32,JAWA BARAT,MANGALURU,1,USER,2022
580,32,JAWA BARAT,MANGGAR,1,USER,2022
581,32,JAWA BARAT,MARACAY,1,USER,2022
582,32,JAWA BARAT,MONTREAL,1,USER,2022
583,32,JAWA BARAT,MORELIA,1,USER,2022
584,32,JAWA BARAT,MUARA ENIM,1,USER,2022
585,32,JAWA BARAT,MY THO,1,USER,2022
586,32,JAWA BARAT,NARA,1,USER,2022
587,32,JAWA BARAT,NAVI MUMBAI,1,USER,2022
588,32,JAWA BARAT,NERIMA CITY,1,USER,2022
589,32,JAWA BARAT,NETANYA,1,USER,2022
590,32,JAWA BARAT,NEUCHATEL,1,USER,2022
591,32,JAWA BARAT,NEW DELHI,1,USER,2022
592,32,JAWA BARAT,NITRA,1,USER,2022
593,32,JAWA BARAT,NIZHNY NOVGOROD,1,USER,2022
594,32,JAWA BARAT,NORTH CREEK,1,USER,2022
595,32,JAWA BARAT,NOTTINGHAM,1,USER,2022
596,32,JAWA BARAT,NUR-SULTAN,1,USER,2022
597,32,JAWA BARAT,OAKVILLE,1,USER,2022
598,32,JAWA BARAT,ODESA,1,USER,2022
599,32,JAWA BARAT,OGAKI,1,USER,2022
600,32,JAWA BARAT,OKAZAKI,1,USER,2022
601,32,JAWA BARAT,OLDENBURG,1,USER,2022
602,32,JAWA BARAT,ORLANDO,1,USER,2022
603,32,JAWA BARAT,OSNABRUCK,1,USER,2022
604,32,JAWA BARAT,OTA,1,USER,2022
605,32,JAWA BARAT,PETALING JAYA,1,USER,2022
606,32,JAWA BARAT,PIEDMONT,1,USER,2022
607,32,JAWA BARAT,PINELLAS PARK,1,USER,2022
608,32,JAWA BARAT,PLOVDIV,1,USER,2022
609,32,JAWA BARAT,POCKING,1,USER,2022
610,32,JAWA BARAT,POHANG-SI,1,USER,2022
611,32,JAWA BARAT,PORTOVIEJO,1,USER,2022
612,32,JAWA BARAT,PUCHONG,1,USER,2022
613,32,JAWA BARAT,RACHA THEWA,1,USER,2022
614,32,JAWA BARAT,RAS AL-KHAIMAH,1,USER,2022
615,32,JAWA BARAT,RAWANG,1,USER,2022
616,32,JAWA BARAT,RICHMOND,1,USER,2022
617,32,JAWA BARAT,ROMSEY,1,USER,2022
618,32,JAWA BARAT,ROTTERDAM,1,USER,2022
619,32,JAWA BARAT,RUTHERFORD,1,USER,2022
620,32,JAWA BARAT,SACHEON-SI,1,USER,2022
621,32,JAWA BARAT,SAINT PETERSBURG,1,USER,2022
622,32,JAWA BARAT,SAITAMA,1,USER,2022
623,32,JAWA BARAT,SALE,1,USER,2022
624,32,JAWA BARAT,SAMBAS,1,USER,2022
625,32,JAWA BARAT,SAMPANG,1,USER,2022
626,32,JAWA BARAT,SAN SALVADOR,1,USER,2022
627,32,JAWA BARAT,SANTA CATARINA,1,USER,2022
628,32,JAWA BARAT,SAO JOSE DOS CAMPOS,1,USER,2022
629,32,JAWA BARAT,SAO PAULO,1,USER,2022
630,32,JAWA BARAT,SEGAMAT DISTRICT,1,USER,2022
631,32,JAWA BARAT,SEONGNAM-SI,1,USER,2022
632,32,JAWA BARAT,SEPANG,1,USER,2022
633,32,JAWA BARAT,SHAKOPEE,1,USER,2022
634,32,JAWA BARAT,SHENZHEN,1,USER,2022
635,32,JAWA BARAT,SHIBUYA CITY,1,USER,2022
636,32,JAWA BARAT,SHIRAZ,1,USER,2022
637,32,JAWA BARAT,SIBU,1,USER,2022
638,32,JAWA BARAT,SIDIKALANG,1,USER,2022
639,32,JAWA BARAT,SOUTH KOTABUMI,1,USER,2022
640,32,JAWA BARAT,STOCKHOLM,1,USER,2022
641,32,JAWA BARAT,SUGINAMI CITY,1,USER,2022
642,32,JAWA BARAT,SUITA,1,USER,2022
643,32,JAWA BARAT,SULLANA,1,USER,2022
644,32,JAWA BARAT,SUMBERSUKO,1,USER,2022
645,32,JAWA BARAT,TAKASAKI,1,USER,2022
646,32,JAWA BARAT,TAMBA-SASAYAMA,1,USER,2022
647,32,JAWA BARAT,TAN AN,1,USER,2022
648,32,JAWA BARAT,TEHRAN,1,USER,2022
649,32,JAWA BARAT,TEL AVIV-YAFO,1,USER,2022
650,32,JAWA BARAT,TERAMO,1,USER,2022
651,32,JAWA BARAT,THA MAKA,1,USER,2022
652,32,JAWA BARAT,THIMPHU,1,USER,2022
653,32,JAWA BARAT,TOSHIMA CITY,1,USER,2022
654,32,JAWA BARAT,TOYAMA,1,USER,2022
655,32,JAWA BARAT,TOYOHASHI,1,USER,2022
656,32,JAWA BARAT,TULAROSA,1,USER,2022
657,32,JAWA BARAT,TUNIS,1,USER,2022
658,32,JAWA BARAT,TUSTIN,1,USER,2022
659,32,JAWA BARAT,TUZLA,1,USER,2022
660,32,JAWA BARAT,ULLAL,1,USER,2022
661,32,JAWA BARAT,UMEA,1,USER,2022
662,32,JAWA BARAT,UOZU,1,USER,2022
663,32,JAWA BARAT,UTRECHT,1,USER,2022
664,32,JAWA BARAT,VALENZUELA,1,USER,2022
665,32,JAWA BARAT,VANCOUVER,1,USER,2022
666,32,JAWA BARAT,WARSAW,1,USER,2022
667,32,JAWA BARAT,YEONGCHEON-SI,1,USER,2022
668,32,JAWA BARAT,YEREVAN,1,USER,2022
669,32,JAWA BARAT,YONAGO,1,USER,2022
670,32,JAWA BARAT,YORKTOWN HEIGHTS,1,USER,2022
671,32,JAWA BARAT,ZHONGLI DISTRICT,1,USER,2022
672,32,JAWA BARAT,ZURICH,1,USER,2022
